<?xml version="1.0" encoding="UTF-8" standalone="yes"?>
<addon id="Tutorial.repositorio" name="arq1213_repository" version="0.0.2" provider-name="arq1213">
	<extension point="xbmc.addon.repository" name="arq1213_Add-on Repository">
		<info compressed="false">http://raw.github.com/arq1213/Tutorial.repositorio/master/addons.xml</info>
		<checksum>http://raw.github.com/arq1213Tutorial.repositorio/master/addons.xml.md5</checksum>
		<datadir zip="true">http://raw.github.com/arq1213/Tutorial.repositorio/master/repo/</datadir>
	</extension>
	<extension point="xbmc.addon.metadata">
		<summary>Demonstration Addon</summary>
		<description>Addon Description</description>
		<disclaimer></disclaimer>
		<platform>all</platform>
	</extension>
</addon>